insert into Students values (1,'adithya','adithya@gmail.com',20,'05-01-2026',1);
insert into Students values (5,'ad1','ad1@gmail.com',20,'05-01-2026',1);


insert into Students values(2,'A','A@gmail.com',22,'01-01-2024',1);
insert into Students values(3,'B2','B2@gmail.com',21,'01-06-2025',1);
insert into Students values(21,'c3','c3@gmail.com',25,'01-02-2019',0);
insert into Students values(43,'d4','d4@gmail.com',33,'02-12-2015',0);
insert into Students values(11,'e5','e5@gmail.com',31,'12-12-2011',1);
insert into Students values(51,'F1','F1@gmail.com',22,'12-01-2024',1);
insert into Students values(31,'G2','G2@gmail.com',21,'11-06-2025',1);
insert into Students values(20,'h3','h3@gmail.com',25,'10-08-2019',0);
insert into Students values(40,'i4','i4@gmail.com',33,'02-11-2015',0);
insert into Students values(1023423444444,'k5','k5@gmail.com',31,'01-10-2011',1);



insert into courses values(1,'frontend',10000);
insert into courses values(2,'AI',12000);
insert into courses values(3,'deeptech',19000);
insert into courses values(4,'databases',15000);
insert into courses values(5,'java',14000);

INSERT INTO enrollments (enroll_id, student_id, course_id) VALUES
(12345678951, 5, 1),
(234567890513, 51, 3),
(345678901314, 31, 4),
(12345689045678315, 31, 5),
(23456790123456405, 40, 5),
(45678904567890215, 21, 5),
(56789056789012433, 43, 3),
(98765432111111114, 11, 4);

INSERT INTO enrollments (enroll_id, student_id, course_id) VALUES
(12345678921, 2, 1),
(23456789033, 3, 3),
(345678901204, 20, 4),
(1234568904567825, 2, 5),
(2345679012345635, 3, 5),
(45678904567890205, 20, 5),
(56789056789012313, 31, 3),
(987654321111114, 1023423444444, 4);




